﻿<?xml version="1.0"?>
<doc>
<assembly>
<name>
Discord Bot Manager
</name>
</assembly>
<members>
<member name="T:Discord_Bot_Manager.My.Resources.Resources">
<summary>
  A strongly-typed resource class, for looking up localized strings, etc.
</summary>
</member>
<member name="P:Discord_Bot_Manager.My.Resources.Resources.ResourceManager">
<summary>
  Returns the cached ResourceManager instance used by this class.
</summary>
</member>
<member name="P:Discord_Bot_Manager.My.Resources.Resources.Culture">
<summary>
  Overrides the current thread's CurrentUICulture property for all
  resource lookups using this strongly typed resource class.
</summary>
</member>
<member name="M:Discord_Bot_Manager.PythonEnvironmentManager.InstallPythonAutomatically">
 <summary>
 Attempts to install Python automatically using winget
 </summary>
</member>
<member name="M:Discord_Bot_Manager.PythonEnvironmentManager.IsWingetAvailable">
 <summary>
 Checks if winget package manager is available on the system
 </summary>
</member>
<member name="M:Discord_Bot_Manager.PythonEnvironmentManager.TryAlternativeInstallation">
 <summary>
 Attempts alternative installation methods if winget is not available
 </summary>
</member>
<member name="M:Discord_Bot_Manager.PythonEnvironmentManager.IsChocolateyAvailable">
 <summary>
 Checks if Chocolatey package manager is available
 </summary>
</member>
<member name="M:Discord_Bot_Manager.PythonEnvironmentManager.IsScoopAvailable">
 <summary>
 Checks if Scoop package manager is available
 </summary>
</member>
<member name="M:Discord_Bot_Manager.PythonEnvironmentManager.RunSystemCommand(System.String,System.String,System.Int32)">
 <summary>
 Runs a system command and returns the result
 </summary>
</member>
<member name="M:Discord_Bot_Manager.PythonEnvironmentManager.ShowManualInstallationInstructions">
 <summary>
 Shows manual installation instructions as fallback
 </summary>
</member>
<member name="T:Discord_Bot_Manager.PythonEnvironmentManager.ProcessResult">
 <summary>
 Helper class to represent process execution results
 </summary>
</member>
</members>
</doc>
